portfolio,ad_group,keyword,match_type,monthly_volume,kwp_low_yen,kwp_high_yen,launch_status,bridge,notes
CP01,比較おすすめ,通信制高校 おすすめ,完全一致,590,152,580,START,CORE01王道,CORE01一致度高
CP01,比較おすすめ,通信制高校 人気ランキング,完全一致,320,113,524,START,CORE01王道,
CP01,比較おすすめ,通信制高校 ランキング,完全一致,210,119,555,START,CORE01王道,
CP01,比較おすすめ,通信制高校 比較,完全一致,170,182,697,START,CORE01王道,
CP01,比較おすすめ,通信制高校 どこがいい,完全一致,140,151,595,START,CORE01王道,
CP01,ネット高校,ネット高校,完全一致,170,133,499,START,CORE01王道,
CP01,オンライン高校,オンライン高校,完全一致,320,197,763,TEST_LATER,CORE01王道,CPC高め
CP01,ヘッド,通信制高校,完全一致,60500,192,668,HOLD,CORE01王道,意図が広すぎる
CP02,学費,通信制高校 学費,完全一致,4400,113,393,START,学費橋掛け,ボリューム大
CP02,学費,通信高校 学費,完全一致,2400,118,423,START,学費橋掛け,
CP02,学費,通信制高校 費用,完全一致,320,87,302,START,学費橋掛け,
CP02,学費,通信制高校 学費 平均,完全一致,210,88,370,START,学費橋掛け,
CP02,学費,通信制高校 学費 一覧,完全一致,140,129,436,START,学費橋掛け,
CP02,学費,通信制高校 授業料,完全一致,110,90,472,START,学費橋掛け,
CP02,口コミ,通信制高校 口コミ,完全一致,110,134,767,START,比較橋掛け,
CP02,評判,通信制高校 評判,フレーズ一致,40,243,1604,HOLD,比較橋掛け,CPC高い
CP02,スクーリング,通信制高校 スクーリング,完全一致,390,133,514,START,スクーリング橋掛け,
CP02,資料請求,通信制高校 資料請求,完全一致,210,1052,3736,HOLD,資料橋掛け,CPC高すぎ
CP02,パンフレット,通信制高校 パンフレット,フレーズ一致,50,786,2749,HOLD,資料橋掛け,CPC高すぎ
CP03,第一学院_学費,第一学院高等学校 学費,完全一致,2400,21,200,PENDING_RULE,競合名非表示LP,A8商標条件確認
CP03,トライ式_学費,トライ式高等学院 学費,完全一致,2400,35,164,PENDING_RULE,競合名非表示LP,A8商標条件確認
CP03,クラーク_学費,クラーク記念国際高等学校 学費,完全一致,1000,36,194,PENDING_RULE,競合名非表示LP,A8商標条件確認
CP03,ヒューマン_学費,ヒューマンキャンパス高等学校 学費,完全一致,590,16,199,PENDING_RULE,競合名非表示LP,A8商標条件確認
CP03,NHK学園_学費,NHK学園高等学校 学費,完全一致,260,18,195,PENDING_RULE,競合名非表示LP,A8商標条件確認
CP03,トライ式_口コミ,トライ式高等学院 口コミ,完全一致,590,30,157,PENDING_RULE,競合名非表示LP,A8商標条件確認
CP03,第一学院_口コミ,第一学院高等学校 口コミ,完全一致,320,17,286,PENDING_RULE,競合名非表示LP,A8商標条件確認
CP03,クラーク_口コミ,クラーク記念国際高等学校 口コミ,完全一致,260,35,228,PENDING_RULE,競合名非表示LP,A8商標条件確認
CP04,選び方,通信制高校 選び方,完全一致,210,141,592,START,選び方橋掛け,
CP04,スクーリング,スクーリングとは 高校,完全一致,260,97,660,START,スクーリング橋掛け,
CP04,スクーリング,通信制高校 スクーリングとは,完全一致,110,82,468,START,スクーリング橋掛け,
CP04,スクーリング,通信高校 スクーリングとは,フレーズ一致,50,67,481,START,スクーリング橋掛け,
CP04,スクーリング,通信制高校 スクーリング 少ない,フレーズ一致,70,186,605,TEST_LATER,スクーリング橋掛け,
CP04,進路,進路の決め方 高校生,完全一致,170,4,158,HOLD,,LPとの距離が遠い
